{"cameraMode":{"drawMode":2,"name":"Shaded Wireframe","section":"Shading Mode"},"sceneLighting":true,"audioPlay":false,"sceneViewState":{"showFog":true,"showMaterialUpdate":false,"showSkybox":true,"showFlares":true,"showImageEffects":true,"showParticleSystems":true},"in2DMode":false,"pivot":{"x":-1.7571752071380616,"y":1.076346755027771,"z":-0.8906071186065674},"rotation":{"x":0.03128989413380623,"y":0.9683598875999451,"z":-0.16124574840068818,"w":0.18793660402297975},"size":2.100860357284546,"orthographic":false}