{"cameraMode":{"drawMode":2,"name":"Shaded Wireframe","section":"Shading Mode"},"sceneLighting":false,"audioPlay":false,"sceneViewState":{"showFog":true,"showMaterialUpdate":false,"showSkybox":true,"showFlares":true,"showImageEffects":true,"showParticleSystems":true},"in2DMode":false,"pivot":{"x":-0.5269021987915039,"y":-0.9967973232269287,"z":-1.4874441623687745},"rotation":{"x":0.043882567435503009,"y":-0.9522784948348999,"z":0.2528185248374939,"w":0.16532689332962037},"size":33.50355911254883,"orthographic":false}