{"cameraMode":{"drawMode":2,"name":"Shaded Wireframe","section":"Shading Mode"},"sceneLighting":false,"audioPlay":false,"sceneViewState":{"showFog":true,"showMaterialUpdate":false,"showSkybox":true,"showFlares":true,"showImageEffects":true,"showParticleSystems":true},"in2DMode":false,"pivot":{"x":-0.5269021987915039,"y":-0.9967973232269287,"z":-1.4874441623687745},"rotation":{"x":0.07596036791801453,"y":-0.9214059114456177,"z":0.3033008277416229,"w":0.2307620793581009},"size":2.745074987411499,"orthographic":false}