{"cameraMode":{"drawMode":2,"name":"Shaded Wireframe","section":"Shading Mode"},"sceneLighting":false,"audioPlay":false,"sceneViewState":{"showFog":true,"showMaterialUpdate":false,"showSkybox":true,"showFlares":true,"showImageEffects":true,"showParticleSystems":true},"in2DMode":false,"pivot":{"x":-0.12020659446716309,"y":0.05882430076599121,"z":-0.15148361027240754},"rotation":{"x":0.03648453205823898,"y":-0.9626380205154419,"z":0.20971325039863587,"w":0.167516827583313},"size":1.3246424198150635,"orthographic":false}